{
	"hello": {
		"x": 0.600579391794,
		"y": -0.0211606872026,
		"z": 0.0
	},
	"yuppp": {
		"x": 0.600581309709,
		"y": -0.021162389078,
		"z": 0.0,
		"r": 0.5
	}
}