{
	"dispenser": {
		"x": 4.49477130807,
		"y": 1.31994439409,
		"z": 0.0102,
		"quatX": 0.0,
		"quatY": 0.0,
		"quatZ": 0.998557777582,
		"quatW": 0.0536876599505
	},
	"station1": {
		"x": 3.64832549456,
		"y": 1.64389216997,
		"z": 0.0102,
		"quatX": 0.0,
		"quatY": 0.0,
		"quatZ": 0.999433621303,
		"quatW": 0.0336516954831
	},
	"station2": {
		"x": 2.6051122055,
		"y": 1.80965372326,
		"z": 0.0102,
		"quatX": 0.0,
		"quatY": 0.0,
		"quatZ": 0.99027320438,
		"quatW": 0.139136554101
	},
	"station3": {
		"x": 4.60209634495,
		"y": 2.12595088969,
		"z": 0.0102,
		"quatX": 0.0,
		"quatY": 0.0,
		"quatZ": 0.180119386772,
		"quatW": 0.983644756255
	}
}