{
	"home": {
		"x": 5.29368766245,
		"y": -0.133372860646,
		"z": 0.0102,
		"quatX": 0.0,
		"quatY": 0.0,
		"quatZ": -0.4942672209,
		"quatW": 0.869310021997
	},
	"dispenser": {
		"x": 7.0206445246,
		"y": -0.468371016209,
		"z": 0.0102,
		"quatX": 0.0,
		"quatY": 0.0,
		"quatZ": 0.0138540112241,
		"quatW": 0.999904028581
	},
	"station1": {
		"x": 9.30044380021,
		"y": -0.524952673241,
		"z": 0.0102,
		"quatX": 0.0,
		"quatY": 0.0,
		"quatZ": 0.669990398574,
		"quatW": 0.742369763541
	}
}